<annotation>
  <folder>helicoverpa</folder>
  <filename>helicoverpa_armigera_00001.jpg</filename>
  <source>
    <database>Unknown</database>
    <annotation>Unknown</annotation>
    <image>Unknown</image>
  </source>
  <size>
    <width>3024</width>
    <height>3024</height>
    <depth></depth>
  </size>
  <segmented>0</segmented>
  <object>
    <name>helicoverpa armigera</name>
    <occluded>0</occluded>
    <bndbox>
      <xmin>1629.0</xmin>
      <ymin>701.13</ymin>
      <xmax>2036.73</xmax>
      <ymax>1246.37</ymax>
    </bndbox>
  </object>
</annotation>
