<annotation>
  <folder>helicoverpa</folder>
  <filename>helicoverpa_armigera_00000.jpg</filename>
  <source>
    <database>Unknown</database>
    <annotation>Unknown</annotation>
    <image>Unknown</image>
  </source>
  <size>
    <width>3024</width>
    <height>3024</height>
    <depth></depth>
  </size>
  <segmented>0</segmented>
  <object>
    <name>helicoverpa armigera</name>
    <occluded>0</occluded>
    <bndbox>
      <xmin>1848.2</xmin>
      <ymin>686.2</ymin>
      <xmax>2271.78</xmax>
      <ymax>1124.8</ymax>
    </bndbox>
  </object>
</annotation>
